<?xml version="1.0"?>
<project xmlns="http://maven.apache.org/POM/4.0.0" xmlns:xsi="http://www.w3.org/2001/XMLSchema-instance" xsi:schemaLocation="http://maven.apache.org/POM/4.0.0   http://maven.apache.org/xsd/maven-4.0.0.xsd">
	<modelVersion>4.0.0</modelVersion>
	<parent>
		<groupId>org.opendatakit</groupId>
		<artifactId>aggregate</artifactId>
		<version>1.0.1</version>
		<relativePath>pom.xml</relativePath>
	</parent>
	<artifactId>aggregate-gae-specific</artifactId>
	<version>1.0.1</version>
	<packaging>pom</packaging>
	<name>ODK Aggregate GAE Specific</name>
	<modules>
		<module>aggregate-gae</module>
		<module>aggregate-gae-default</module>
		<module>aggregate-gae-n-background</module>
		<module>gae-unit-tests</module>
	</modules>
	<build>
		<pluginManagement>
			<plugins>
			</plugins>
		</pluginManagement>
	</build>
</project>
