<?xml version="1.0" encoding="utf-8"?>
<appengine-web-app xmlns="http://appengine.google.com/ns/1.0">
  <application>test</application>
  <module>default</module>
  <version>1</version>
	
  	<instance-class>F2</instance-class>

	<!--  use sessions and don't require that they commit to the backing store -->
	<sessions-enabled>true</sessions-enabled>

    <!-- Allows App Engine to send multiple requests to one instance in parallel: -->
    <threadsafe>true</threadsafe>
			
	<automatic-scaling>
		<max-concurrent-requests>100</max-concurrent-requests>
		<!-- Increase latency trigger for new instance. We take about 15 seconds to spin up -->
		<max-pending-latency>14s</max-pending-latency>
	</automatic-scaling>

	<!--  Configure static error handlers -->
	<static-error-handlers>
		<handler file="service-error.html"/>
		<handler file="over-quota.html" error-code="over_quota"/>
	</static-error-handlers>
	
	<!-- Configure java.util.logging -->
	<system-properties>
		<property name="java.util.logging.config.file" value="WEB-INF/logging.properties"/>
		<property name="com.google.gdata.DisableCookieHandler" value="true"/>
	</system-properties>
</appengine-web-app>
