<?xml version="1.0" encoding="UTF-8"?>

<beans:beans xmlns="http://www.springframework.org/schema/security"
	xmlns:beans="http://www.springframework.org/schema/beans"
	xmlns:xsi="http://www.w3.org/2001/XMLSchema-instance"
	xsi:schemaLocation="http://www.springframework.org/schema/beans http://www.springframework.org/schema/beans/spring-beans-4.0.xsd http://www.springframework.org/schema/security http://www.springframework.org/schema/security/spring-security-3.2.xsd">

	<beans:import resource="classpath:odk-security-settings.xml"/>

	<!--	The Basic Authentication passwords are sha1-encoded with a salt -->
	<beans:bean id="basicAuthenticationMessageDigestPasswordEncoder"
			class="org.springframework.security.authentication.encoding.ShaPasswordEncoder"/>

	<!--	The group and role hierarchy is maintained in the granted authority hierarchy table.  -->
	<!--	Unauthenticated accesses possess the USER_IS_ANONYMOUS group -->
	<!--    If the user is registered (present in the registered users table), the user will also -->
	<!--  	possess the USER_IS_REGISTERED group.  -->
	<!--    An authenticated users will also possess an AUTH_ group defining the mechanism by which -->
	<!--    they were authenticated.  i.e., either AUTH_OPENID, AUTH_GOOGLE_OAUTH2, AUTH_OUT_OF_BAND or AUTH_LOCAL -->
	<!--  -->
	<!-- 	The granted authority hierarchy table defines the mapping of these groups, and -->
	<!-- 	other site-specific administrator-defined groups to the roles needed to access -->
	<!--	web pages on the site. -->

	<beans:bean id="hierarchicalRoleRelationships" class="org.opendatakit.common.security.spring.RoleHierarchyImpl">
		<beans:property name="datastore" ref="datastore"/>
		<beans:property name="userService" ref="user_service"/>
		<beans:property name="passwordEncoder" ref="basicAuthenticationMessageDigestPasswordEncoder"/>
		<beans:property name="startupAction" ref="startup" />
	</beans:bean>

	<!--	Configure the access policy to the pages here	-->
	<!--	You can do things like this: and hasRole('AUTH_LOCAL') -->

<!--	NOTE: for debugging applets, it is useful to allow anonymous access to the pages-->
<!--	they utilize.  This means that the isFullyAuthenticated() criteria cannot be used-->
<!--	for those pages.  -->
	<filter-security-metadata-source id="securityPolicy" use-expressions="true">
        <intercept-url pattern="/_ah/**" access="true" /> <!-- local GAE admin console -->

        <intercept-url pattern="/Aggregate.html" access="hasRole('ROLE_USER') or hasRole('ROLE_SITE_ACCESS_ADMIN')" />

		<!--  secure the GWT client interfaces -->

		<intercept-url pattern="/aggregateui/preferenceservice" access="hasRole('ROLE_USER')" />
		<intercept-url pattern="/aggregateui/securityservice" access="hasRole('ROLE_USER') or hasRole('ROLE_SITE_ACCESS_ADMIN')" />

		<intercept-url pattern="/aggregateui/filterservice" access="hasRole('ROLE_DATA_VIEWER')" />
		<intercept-url pattern="/aggregateui/submissionservice" access="hasRole('ROLE_DATA_VIEWER')" />
		<intercept-url pattern="/aggregateui/formservice" access="hasRole('ROLE_DATA_VIEWER')" />

		<intercept-url pattern="/aggregateui/formadminservice" access="hasRole('ROLE_DATA_OWNER')" />
		<intercept-url pattern="/aggregateui/servicesadminservice" access="hasRole('ROLE_DATA_OWNER')" />

		<intercept-url pattern="/aggregateui/securityadminservice" access="hasRole('ROLE_SITE_ACCESS_ADMIN')" />

		<intercept-url pattern="/aggregateui/odktablesadmin" access="hasRole('ROLE_ADMINISTER_TABLES')" />
		<intercept-url pattern="/aggregateui/serverdataservice" access="hasRole('ROLE_SYNCHRONIZE_TABLES')" />
		<intercept-url pattern="/aggregateui/serverdiffservice" access="hasRole('ROLE_SYNCHRONIZE_TABLES')" />
		<intercept-url pattern="/aggregateui/servertableservice" access="hasRole('ROLE_SYNCHRONIZE_TABLES')" />
		<intercept-url pattern="/aggregateui/servertableaclservice" access="hasRole('ROLE_ADMINISTER_TABLES')" />

		<!--  grant clients access to all GWT code (/aggregateui), images, javascripts, resources, css -->
		<intercept-url pattern="/aggregateui/**" access="true" />
		<intercept-url pattern="/images/**" access="true" />
		<intercept-url pattern="/javascript/**" access="true" />
		<intercept-url pattern="/res/**" access="true" />
		<intercept-url pattern="/stylesheets/**" access="true" />

		<!-- grant access to all routing pages -->
		<intercept-url pattern="/access-denied.html" access="true" />
		<intercept-url pattern="/over-quota.html" access="true" />
		<intercept-url pattern="/robots.txt" access="true" />
		<intercept-url pattern="/service-error.html" access="true" />
		<intercept-url pattern="/AggregateUI.css" access="true" />
		<intercept-url pattern="/favicon.ico" access="true" />
		<intercept-url pattern="/index.html" access="true" />
		<intercept-url pattern="/logout.html" access="true" />
		<intercept-url pattern="/odk_color.png" access="true" />
		<intercept-url pattern="/multimode_login.html" access="true" />
		<intercept-url pattern="/relogin.html" access="true" />
		<intercept-url pattern="/local_login.html" access="isFullyAuthenticated() and hasRole('AUTH_LOCAL')" />

		<!-- grant access to various servlets -->
		<intercept-url pattern="/formList" access="hasRole('ROLE_DATA_COLLECTOR') or hasRole('ROLE_DATA_VIEWER')" />
		<intercept-url pattern="/formXml" access="hasRole('ROLE_DATA_COLLECTOR') or hasRole('ROLE_DATA_VIEWER')" />
		<intercept-url pattern="/submission" access="hasRole('ROLE_DATA_COLLECTOR') or hasRole('ROLE_DATA_OWNER')" />
		<intercept-url pattern="/formUpload" access="hasRole('ROLE_DATA_OWNER')" /> <!--  NEW form upload url -->
		<intercept-url pattern="/upload" access="hasRole('ROLE_DATA_OWNER')" /> <!--  OLD form upload url -->
		<intercept-url pattern="/xformsDownload" access="hasRole('ROLE_DATA_COLLECTOR') or hasRole('ROLE_DATA_VIEWER')" />
		<intercept-url pattern="/xformsList" access="hasRole('ROLE_DATA_COLLECTOR') or hasRole('ROLE_DATA_VIEWER')" />
		<intercept-url pattern="/xformsManifest" access="hasRole('ROLE_DATA_COLLECTOR') or hasRole('ROLE_DATA_VIEWER')" />

		<intercept-url pattern="/www/**" access="hasRole('ROLE_USER')" />

		<!-- require that the client be a real username or google account; returns roles granted to that user -->
		<intercept-url pattern="/roles/granted" access="isFullyAuthenticated() and hasRole('ROLE_USER')" />
		<intercept-url pattern="/users/list" access="isFullyAuthenticated() and hasRole('ROLE_USER')" />

		<intercept-url pattern="/view/binaryData" access="hasRole('ROLE_DATA_VIEWER') or hasRole('ROLE_ATTACHMENT_VIEWER')" />
		<intercept-url pattern="/view/**" access="hasRole('ROLE_DATA_VIEWER')" />

        <intercept-url pattern="/auth/**" access="hasRole('ROLE_DATA_OWNER')" />

        <intercept-url pattern="/ssl/**" access="hasRole('ROLE_SITE_ACCESS_ADMIN')" />
        <intercept-url pattern="/enk/**" access="hasRole('ROLE_DATA_COLLECTOR') or hasRole('ROLE_DATA_VIEWER') or hasRole('ROLE_SITE_ACCESS_ADMIN')" />

		<!--	GAE access is controlled in web.xml -->
		<intercept-url pattern="/gae/**" access="true" />
		<!--	RemoteAPI access is controlled in web.xml -->
		<intercept-url pattern="/remote_api" access="true" />

		<!-- ODK Tables API (order is important) -->
		<!-- FileManifestService -->
		<intercept-url pattern="/odktables/*/manifest/**" access="hasRole('ROLE_SYNCHRONIZE_TABLES')" method="GET" />
		<!--  FileService -->
		<intercept-url pattern="/odktables/*/files/**" access="hasRole('ROLE_SYNCHRONIZE_TABLES')" method="GET" />
		<!--  TableService -->
		<intercept-url pattern="/odktables/*/tables/*" access="hasRole('ROLE_SYNCHRONIZE_TABLES')" method="GET" />
		<intercept-url pattern="/odktables/*/tables/*/properties/*" access="hasRole('ROLE_SYNCHRONIZE_TABLES')" method="GET" />
		<!-- RealizedTableService -->
		<intercept-url pattern="/odktables/*/tables/*/ref/*" access="hasRole('ROLE_SYNCHRONIZE_TABLES')" method="GET" />
		<!-- OdkTables -->
		<intercept-url pattern="/odktables/*/clientVersions" access="hasRole('ROLE_SYNCHRONIZE_TABLES')" method="GET" />
		<intercept-url pattern="/odktables/*/tables" access="hasRole('ROLE_SYNCHRONIZE_TABLES')" method="GET" />
		<!--  TableAclService (not exposed) -->
		<!--  
		   <intercept-url pattern="/odktables/*/tables/*/acl/**" access="hasRole('ROLE_SYNCHRONIZE_TABLES')" method="GET" />
		   <intercept-url pattern="/odktables/*/tables/*/acl" access="hasRole('ROLE_SYNCHRONIZE_TABLES')" method="GET" />
		 -->
		<!--  DiffService -->
		<intercept-url pattern="/odktables/*/tables/*/ref/*/diff/**" access="hasRole('ROLE_SYNCHRONIZE_TABLES')" method="GET" />
		<intercept-url pattern="/odktables/*/tables/*/ref/*/diff" access="hasRole('ROLE_SYNCHRONIZE_TABLES')" method="GET" />
		<!--  QueryService -->
		<intercept-url pattern="/odktables/*/tables/*/ref/*/query/**" access="hasRole('ROLE_SYNCHRONIZE_TABLES')" method="GET" />
		<!-- InstanceFileService -->
		<intercept-url pattern="/odktables/*/tables/*/ref/*/attachments/*/manifest" access="hasRole('ROLE_SYNCHRONIZE_TABLES')" method="GET" />
		<intercept-url pattern="/odktables/*/tables/*/ref/*/attachments/*/download" access="hasRole('ROLE_SYNCHRONIZE_TABLES')" method="POST" />
		<intercept-url pattern="/odktables/*/tables/*/ref/*/attachments/*/upload" access="hasRole('ROLE_SYNCHRONIZE_TABLES')" method="POST" />
		<intercept-url pattern="/odktables/*/tables/*/ref/*/attachments/*/file/**" access="hasRole('ROLE_SYNCHRONIZE_TABLES')" />
		<!--  DataService -->
		<intercept-url pattern="/odktables/*/tables/*/ref/*/rows/**" access="hasRole('ROLE_SYNCHRONIZE_TABLES')" />
		<intercept-url pattern="/odktables/*/tables/*/ref/*/rows" access="hasRole('ROLE_SYNCHRONIZE_TABLES')" />

		<!--  all other APIs require administer-tables permissions -->		
		<intercept-url pattern="/odktables/*/**" access="hasRole('ROLE_ADMINISTER_TABLES')" />
		
		<!--  except the get-supported-application-names API does not require much at all -->
		<intercept-url pattern="/odktables/" access="hasRole('ROLE_USER')" />
		<intercept-url pattern="/odktables" access="hasRole('ROLE_USER')" />

		<!-- odk tables file upload and download stuff -->
		<intercept-url pattern="/appLevelFileUpload/**" access="hasRole('ROLE_SYNCHRONIZE_TABLES') or hasRole('ROLE_ADMINISTER_TABLES')" />
		<intercept-url pattern="/tableFileUpload/**" access="hasRole('ROLE_SYNCHRONIZE_TABLES') or hasRole('ROLE_ADMINISTER_TABLES')" />
		<intercept-url pattern="/tableFileDownload/**" access="hasRole('ROLE_SYNCHRONIZE_TABLES') or hasRole('ROLE_ADMINISTER_TABLES')" />
		<intercept-url pattern="/tableKeyValueManifest/**" access="hasRole('ROLE_SYNCHRONIZE_TABLES') or hasRole('ROLE_ADMINISTER_TABLES')" />
		<!-- odk tables upload file from CSV -->
		<intercept-url pattern="/uploadTableFromCSV/**" access="hasRole('ROLE_ADMINISTER_TABLES')" />

		<!-- in case we forgot to mention something... -->
		<intercept-url pattern="/**" access="isAnonymous()" />
	</filter-security-metadata-source>

	<!-- Pages being filtered and the filters applied to them (everything). -->
	<!-- Prerequisite for the applying of the access policies above.   -->
	<beans:bean id="serverSpringSecurityFilterChain"
		class="org.springframework.security.web.FilterChainProxy">
		<filter-chain-map request-matcher="ant">
			<filter-chain pattern="/local_login.html"
				filters="channelProcessingFilter,securityContextPersistenceFilter,logoutFilter,oauth2ResourceFilter,oobAuthFilter,${security.server.deviceAuthentication}AuthFilter,requestCacheAwareFilter,anonymousFilter,securityContextHolderAwareFilter,sessionManagerFilter,localExceptionTranslationFilter,filterSecurityInterceptor" />
			<filter-chain pattern="/*"
				filters="channelProcessingFilter,securityContextPersistenceFilter,logoutFilter,oauth2ResourceFilter,oobAuthFilter,${security.server.deviceAuthentication}AuthFilter,requestCacheAwareFilter,anonymousFilter,securityContextHolderAwareFilter,sessionManagerFilter,exceptionTranslationFilter,filterSecurityInterceptor" />
			<filter-chain pattern="/**"
				filters="channelProcessingFilter,securityContextPersistenceFilter,logoutFilter,oauth2ResourceFilter,oobAuthFilter,${security.server.deviceAuthentication}AuthFilter,requestCacheAwareFilter,anonymousFilter,securityContextHolderAwareFilter,sessionManagerFilter,exceptionTranslationFilter,filterSecurityInterceptor" />
		</filter-chain-map>
	</beans:bean>

    <!-- Secure channel processing -->

	<beans:bean id="channelProcessingFilter" class="org.springframework.security.web.access.channel.ChannelProcessingFilter">
	  <beans:property name="channelDecisionManager" ref="channelDecisionManager"/>
	  <beans:property name="securityMetadataSource">
	    <filter-security-metadata-source request-matcher="ant">
	        <intercept-url pattern="/_ah/**" access="ANY_CHANNEL" /> <!-- local GAE admin console -->
        	<intercept-url pattern="/favicon.ico" access="ANY_CHANNEL" />
	        <intercept-url pattern="/odk_color.png" access="ANY_CHANNEL" />
			<intercept-url pattern="/images/**" access="ANY_CHANNEL" />
	        <intercept-url pattern="/res/**" access="ANY_CHANNEL" />
			<intercept-url pattern="/stylesheets/**" access="ANY_CHANNEL" />
			<intercept-url pattern="/AggregateUI.css" access="ANY_CHANNEL" />
			<intercept-url pattern="/over-quota.html" access="ANY_CHANNEL" />
			<intercept-url pattern="/service-error.html" access="ANY_CHANNEL" />
			<intercept-url pattern="/access-denied.html" access="${security.server.channelType}" />
	        <intercept-url pattern="/index.html" access="${security.server.channelType}" />
	        <intercept-url pattern="/logout.html" access="${security.server.channelType}" />
	        <intercept-url pattern="/multimode_login.html" access="${security.server.channelType}" />
	        <intercept-url pattern="/relogin.html" access="${security.server.channelType}" />
		    <intercept-url pattern="/ssl/**" access="${security.server.secureChannelType}"/>
            <intercept-url pattern="/local_login.html" access="${security.server.channelType}" />
	        <intercept-url pattern="/gae/**" access="ANY_CHANNEL" /> <!-- GAE picks the scheme -->
	        <intercept-url pattern="/remote_api/**" access="ANY_CHANNEL" /> <!-- GAE picks the scheme -->
	        <intercept-url pattern="/**" access="${security.server.channelType}"/>
	    </filter-security-metadata-source>
	  </beans:property>
	</beans:bean>

	<beans:bean id="channelDecisionManager" class="org.springframework.security.web.access.channel.ChannelDecisionManagerImpl">
	  <beans:property name="channelProcessors">
	    <beans:list>
		    <beans:ref bean="secureChannelProcessor"/>
		    <beans:ref bean="insecureChannelProcessor"/>
	    </beans:list>
	  </beans:property>
	</beans:bean>

	<!-- left to its own devices, spring will try to guess at the scheme-to-port mapping.  Force the port mappings below -->
	<beans:bean id="portMapper" class="org.springframework.security.web.PortMapperImpl">
	  <beans:property name="portMappings">
	  	<beans:map>
	  		<beans:entry key="${security.server.port}" value="${security.server.securePort}"/>
	  	</beans:map>
	  </beans:property>
	</beans:bean>

	<beans:bean id="portResolver" class="org.opendatakit.common.security.spring.PortResolverBySchemeImpl">
		<beans:property name="port" value="${security.server.port}"/>
		<beans:property name="securePort" value="${security.server.securePort}"/>
	</beans:bean>

	<beans:bean id="secureChannelProcessor" class="org.springframework.security.web.access.channel.SecureChannelProcessor">
	  <beans:property name="entryPoint">
		<beans:bean class="org.opendatakit.common.security.spring.RetryWithDefinedEntryPoint">
			<beans:constructor-arg type="java.lang.String" value="https://"/>
			<beans:constructor-arg type="int" value="${security.server.securePort}"/>
			<beans:property name="portMapper" ref="portMapper"/>
			<beans:property name="portResolver" ref="portResolver"/>
		</beans:bean>
	  </beans:property>
	</beans:bean>
	<beans:bean id="insecureChannelProcessor" class="org.springframework.security.web.access.channel.InsecureChannelProcessor">
	  <beans:property name="entryPoint">
		<beans:bean class="org.opendatakit.common.security.spring.RetryWithDefinedEntryPoint">
			<beans:constructor-arg type="java.lang.String" value="http://"/>
			<beans:constructor-arg type="int" value="${security.server.port}"/>
			<beans:property name="portMapper" ref="portMapper"/>
			<beans:property name="portResolver" ref="portResolver"/>
		</beans:bean>
	  </beans:property>
	</beans:bean>

	<beans:bean id="securityContextPersistenceFilter"
		class="org.springframework.security.web.context.SecurityContextPersistenceFilter">
		<beans:constructor-arg name="repo" ref="securityContextRepository" />
	</beans:bean>

	<beans:bean id="securityContextRepository"
		class="org.springframework.security.web.context.HttpSessionSecurityContextRepository" />

	<beans:bean id="logoutFilter"
		class="org.springframework.security.web.authentication.logout.LogoutFilter">
		<beans:constructor-arg name="logoutSuccessUrl" value="/logout.html" />
		<beans:constructor-arg name="handlers">
			<beans:list>
				<beans:bean
					class="org.springframework.security.web.authentication.logout.SecurityContextLogoutHandler">
					<!--
						Basic and Digest Auth don't have server side logout (may want to
						invalidate session to work around this).
					-->
					<!-- OAuth2 logins can be disabled through this mechanism.  -->
					<beans:property name="invalidateHttpSession" value="true"/>
				</beans:bean>
			</beans:list>
		</beans:constructor-arg>
	</beans:bean>

	<beans:bean id="requestCacheAwareFilter"
		class="org.springframework.security.web.savedrequest.RequestCacheAwareFilter" />

	<!--  <beans:bean id="securityContextHolderAwareFilter"
		class="org.springframework.security.web.servletapi.SecurityContextHolderAwareRequestFilter" /> -->
	<beans:bean id="securityContextHolderAwareFilter"
		class="org.opendatakit.common.security.spring.SecurityContextHolderAwareAuthPreservingRequestFilter" />

	<beans:bean id="sessionManagerFilter"
		class="org.springframework.security.web.session.SessionManagementFilter">
		<beans:constructor-arg name="securityContextRepository" ref="securityContextRepository" />
	</beans:bean>

	<!--	This class determines what authentication to initiate.  It uses the -->
	<!--	User-Agent header value to determine whether it is being accessed by a -->
	<!--	browser or the device.  If it is not a browser, it does basic or digest auth.-->
	<beans:bean id="exceptionTranslationFilter"
		class="org.springframework.security.web.access.ExceptionTranslationFilter">
		<beans:property name="authenticationEntryPoint" ref="delegatingAuthenticationEntryPoint"/>
		<beans:property name="accessDeniedHandler">
			<beans:bean class="org.opendatakit.common.security.spring.GWTAccessDeniedHandlerImpl">
				<beans:property name="gwtHeader" value="X-opendatakit-gwt"/>
				<beans:property name="ordinaryAccessDeniedHandler">
					<beans:bean	class="org.springframework.security.web.access.AccessDeniedHandlerImpl">
						<beans:property name="errorPage" value="/access-denied.html" />
					</beans:bean>
				</beans:property>
			</beans:bean>
		</beans:property>
	</beans:bean>

	<beans:bean id="delegatingAuthenticationEntryPoint"
		class="org.springframework.security.web.authentication.DelegatingAuthenticationEntryPoint">
		<beans:constructor-arg name="entryPoints">
			<beans:map>
                      <beans:entry key="hasHeader('X-OpenRosa-Version','1.0')" value-ref="${security.server.deviceAuthentication}EntryPoint" />
                      <beans:entry key="hasHeader('X-OpenDataKit-Version','2.0')" value-ref="${security.server.deviceAuthentication}EntryPoint" />
                      			</beans:map>
		</beans:constructor-arg>
		<beans:property name="defaultEntryPoint" ref="${security.server.deviceAuthentication}EntryPoint" />
	</beans:bean>

	<!-- This forces the login to use the configured locally-held credential mechanism -->
	<beans:bean id="localExceptionTranslationFilter"
		class="org.springframework.security.web.access.ExceptionTranslationFilter">
		<beans:property name="authenticationEntryPoint" ref="${security.server.deviceAuthentication}EntryPoint" />
	</beans:bean>

	<!-- 			Anonymous User -->

	<beans:bean id="anonymousFilter"
		class="org.springframework.security.web.authentication.AnonymousAuthenticationFilter">
		<beans:property name="key">
		    <beans:bean id="sitePreferencesBean.siteKey" class="org.springframework.beans.factory.config.PropertyPathFactoryBean"/>
		</beans:property>
		<beans:property name="userAttribute" value="anonymousUser,USER_IS_ANONYMOUS" />
	</beans:bean>

	<beans:bean id="anonymousProvider"
		class="org.springframework.security.authentication.AnonymousAuthenticationProvider">
		<beans:property name="key">
		    <beans:bean id="sitePreferencesBean.siteKey" class="org.springframework.beans.factory.config.PropertyPathFactoryBean"/>
		</beans:property>
	</beans:bean>

	<!--			Basic Authentication -->

	<beans:bean id="basicAuthFilter"
		class="org.opendatakit.common.security.spring.BasicAuthenticationFilter">
		<beans:property name="authenticationManager">
			<beans:bean class="org.springframework.security.authentication.ProviderManager">
				<beans:property name="providers">
					<beans:list>
						<beans:ref bean="basicAuthenticationProvider" />
						<beans:ref bean="anonymousProvider" />
					</beans:list>
				</beans:property>
			</beans:bean>
		</beans:property>
		<beans:property name="authenticationEntryPoint" ref="basicEntryPoint" />
	</beans:bean>

	<beans:bean id="basicEntryPoint"
		class="org.springframework.security.web.authentication.www.BasicAuthenticationEntryPoint">
		<beans:property name="realmName" value="${security.server.realm.realmString}" />
	</beans:bean>


	<beans:bean id="basicAuthenticationProvider"
		class="org.springframework.security.authentication.dao.DaoAuthenticationProvider">
        <beans:property name="passwordEncoder" ref="basicAuthenticationMessageDigestPasswordEncoder" />
        <beans:property name="saltSource">
        	<beans:bean class="org.opendatakit.common.security.spring.AggregateUserSaltSource"/>
        </beans:property>
		<beans:property name="userDetailsService" ref="basicLoginService" />
	</beans:bean>

	<beans:bean id="basicLoginService"
		class="org.opendatakit.common.security.spring.UserDetailsServiceImpl">
		<!--	Known registered users are maintained in the registered users table -->
		<!--	Passwords are stored as salted sha1 hashes-->
		<beans:property name="datastore" ref="datastore"/>
		<beans:property name="userService" ref="user_service"/>
		<beans:property name="passwordType" value="BasicAuth"/>
		<beans:property name="credentialType" value="Username"/>
		<beans:property name="authorities">
			<beans:list>
				<beans:value>AUTH_LOCAL</beans:value>
			</beans:list>
		</beans:property>
	</beans:bean>

	<!--
		Digest Authentication configuration. This is used for device access.
	-->

	<beans:bean id="digestAuthFilter"
		class="org.opendatakit.common.security.spring.DigestAuthenticationFilter">
		<beans:property name="passwordAlreadyEncoded" value="true" />
		<beans:property name="userDetailsService" ref="digestLoginService" />
		<beans:property name="authenticationEntryPoint" ref="digestEntryPoint" />
	</beans:bean>

	<beans:bean id="digestEntryPoint"
		class="org.springframework.security.web.authentication.www.DigestAuthenticationEntryPoint">
		<beans:property name="realmName" value="${security.server.realm.realmString}" />
		<beans:property name="key">
		    <beans:bean id="sitePreferencesBean.siteKey" class="org.springframework.beans.factory.config.PropertyPathFactoryBean"/>
		</beans:property>
		<beans:property name="nonceValiditySeconds" value="1800" />
	</beans:bean>

	<beans:bean id="digestAuthenticationProvider"
		class="org.springframework.security.authentication.dao.DaoAuthenticationProvider">
		<beans:property name="userDetailsService" ref="digestLoginService" />
	</beans:bean>

	<beans:bean id="digestLoginService"
		class="org.opendatakit.common.security.spring.UserDetailsServiceImpl">
		<!--	Known registered users are maintained in the registered users table -->
		<!--	Passwords are stored as the A1 value in the protocol (MD5 hash of username + realm string + password). -->
		<beans:property name="datastore" ref="datastore"/>
		<beans:property name="userService" ref="user_service"/>
		<beans:property name="passwordType" value="DigestAuth"/>
		<beans:property name="credentialType" value="Username"/>
		<beans:property name="authorities">
			<beans:list>
				<beans:value>AUTH_LOCAL</beans:value>
			</beans:list>
		</beans:property>
	</beans:bean>

  <!-- Out-of-band support -->
  <!-- Out-of-band support -->
  <!-- Out-of-band support -->
  <!-- Out-of-band support -->

	<!--	Known registered users are maintained in the registered users table -->
	<!--	There is no password for token-authenticated users, so it is set to a random value. -->
	<beans:bean id="tokenUserDetailsService" class="org.opendatakit.common.security.spring.UserDetailsServiceImpl">
		<beans:property name="datastore" ref="datastore"/>
		<beans:property name="userService" ref="user_service"/>
		<beans:property name="passwordType" value="Random"/>
		<beans:property name="credentialType" value="Token"/>
	</beans:bean>

	<!-- Out-of-band authentication relies on an out-of-band mechanism to obtain
		a user's mailto:username@domain.org string (via the oob_user_fetcher). This
		is then used to look up the OAuth2 user configured with that email address.
		If successful, that user's credentials are used when accessing the server.
		This can be used for portal-fronted access to the server (you still need
		to populate the ODK Aggregate registered users table and granted authorities
		table with the users and granted privileges for those users). The only provided
		implementation is for Google AppEngine's OAuthService-mediated access to
		AppEngine instances. -->

	<beans:bean id="oobAuthFilter"
		class="org.opendatakit.common.security.spring.OutOfBandUserFilter">
		<beans:property name="outOfBandUserFetcher" ref="oob_user_fetcher" />
		<beans:property name="authenticationProvider" ref="oobAuthenticationProvider" />
	</beans:bean>

	<!--	This OOB authentication implementation.  It relies upon an out-of-band -->
	<!--    means to produce a "mailto:username@foo" (OAuth2) identity.  This provider then  -->
	<!--    determines whether the user is a registered user, using the wrappingUserDetailsService.-->
	<!--	Finally, it adds the AUTH_OUT_OF_BAND granted authority to the set of -->
	<!--	the registered user's granted authorities (which is empty if the user is not registered). -->
	<beans:bean id="oobAuthenticationProvider"
		class="org.opendatakit.common.security.spring.OutOfBandAuthenticationProvider">
		<!--	Stub userDetailsService that accepts any authenticated party-->
		<beans:property name="wrappingUserDetailsService" ref="tokenUserDetailsService"/>
	</beans:bean>

  <!--  OAuth2 support -->
  <!--  OAuth2 support -->
  <!--  OAuth2 support -->
  <!--  OAuth2 support -->
  <!--  OAuth2 support -->

	<beans:bean id="oauth2ResourceFilter"
		class="org.opendatakit.common.security.spring.Oauth2ResourceFilter">
		<beans:property name="httpClientFactory" ref="http_client_factory" />
		<beans:property name="authenticationProvider" ref="oauth2AuthenticationProvider" />
	</beans:bean>

	<!--	This Oauth2 authentication implementation. It relies upon the Oauth2ResourceFilter -->
	<!--    to produce an Oauth2AuthenticationToken containing the "mailto:username@foo" (OAuth2) -->
	<!--    identity. This provider then determines whether the user is a registered user, using -->
	<!--	the wrappingUserDetailsService. Finally, it adds the AUTH_GOOGLE_OAUTH2 granted authority -->
	<!--    to the registered user's set of granted authorities (empty if the user is not registered). -->
	<beans:bean id="oauth2AuthenticationProvider"
		class="org.opendatakit.common.security.spring.Oauth2AuthenticationProvider">
		<!--	Stub userDetailsService that accepts any authenticated party-->
		<beans:property name="wrappingUserDetailsService" ref="tokenUserDetailsService"/>
	</beans:bean>

	<!--		This enforces the security applied to specific URLs   -->
	<!--		This enforces the security applied to specific URLs   -->
	<!--		This enforces the security applied to specific URLs   -->
	<!--		This enforces the security applied to specific URLs   -->

	<beans:bean id="filterSecurityInterceptor"
		class="org.springframework.security.web.access.intercept.FilterSecurityInterceptor">
		<beans:property name="securityMetadataSource" ref="securityPolicy"/>
		<beans:property name="authenticationManager" ref="authenticationManager" />
		<beans:property name="accessDecisionManager" ref="accessDecisionManager" />
	</beans:bean>

	<beans:bean id="accessDecisionManager"
		class="org.springframework.security.access.vote.AffirmativeBased">
		<beans:property name="decisionVoters">
			<beans:list>
				<beans:bean class="org.springframework.security.web.access.expression.WebExpressionVoter">
		        	<beans:property name="expressionHandler">
		        		<beans:bean	class="org.springframework.security.web.access.expression.DefaultWebSecurityExpressionHandler">
			        		<beans:property name="roleHierarchy" ref="hierarchicalRoleRelationships"/>
		        		</beans:bean>
		        	</beans:property>
		        </beans:bean>
		        <beans:bean class="org.springframework.security.access.vote.RoleHierarchyVoter">
		        	<beans:constructor-arg name="roleHierarchy" ref="hierarchicalRoleRelationships"/>
		        </beans:bean>
				<beans:bean	class="org.springframework.security.access.vote.AuthenticatedVoter" />
			</beans:list>
		</beans:property>
	</beans:bean>
	<beans:bean id="webPrivilegeEvaluator"
		class="org.springframework.security.web.access.DefaultWebInvocationPrivilegeEvaluator">
		<beans:constructor-arg name="securityInterceptor" ref="filterSecurityInterceptor" />
	</beans:bean>

	<beans:bean id="authenticationManager"
		class="org.springframework.security.authentication.ProviderManager">
		<beans:property name="providers">
			<beans:list>
				<beans:ref bean="digestAuthenticationProvider" />
				<beans:ref bean="basicAuthenticationProvider" />
				<beans:ref bean="oobAuthenticationProvider" />
				<beans:ref bean="oauth2AuthenticationProvider" />
				<beans:ref bean="anonymousProvider" />
			</beans:list>
		</beans:property>
	</beans:bean>


	<!--	CONFIGURATION TO APPLY ACCESS RESTRICTIONS TO BEANS    -->
	<!--	CONFIGURATION TO APPLY ACCESS RESTRICTIONS TO BEANS    -->
	<!--	CONFIGURATION TO APPLY ACCESS RESTRICTIONS TO BEANS    -->
	<!--	CONFIGURATION TO APPLY ACCESS RESTRICTIONS TO BEANS    -->
	<!--	CONFIGURATION TO APPLY ACCESS RESTRICTIONS TO BEANS    -->
<!---->
<!--	<beans:bean id="authorizations"-->
<!--		class="org.springframework.security.access.intercept.aopalliance.MethodSecurityInterceptor">-->
<!--		<beans:property name="authenticationManager" ref="authenticationManager" />-->
<!--		<beans:property name="accessDecisionManager" ref="accessDecisionManager" />-->
<!--		<beans:property name="afterInvocationManager" ref="afterInvocationManager" />  -->
<!--		<beans:property name="securityMetadataSource" ref="securityMetadataSource"/>-->
<!--	</beans:bean>-->
<!--	-->
	<!--	<global-method-security pre-post-annotations="enabled">-->
	<!-- 		<expression-handler ref="expressionHandler" />-->
	<!--	</global-method-security>-->
<!---->
	<!--	<beans:bean id="expressionHandler"-->
	<!--
		class="org.springframework.security.access.expression.method.DefaultMethodSecurityExpressionHandler">
	-->
	<!--
		<beans:property name="permissionEvaluator"
		ref="aggregatePermissionEvaluator" />
	-->
	<!--	</beans:bean>-->
<!---->
	<!--	<beans:bean id="aggregatePermissionEvaluator"-->
	<!--
		class="org.opendatakit.common.security.SecurityPermissionEvaluatorImpl">
	-->
	<!--	</beans:bean>-->
<!---->

</beans:beans>
