<?xml version="1.0"?>      
<LocationThings id="LocationThings">
  <DeviceId>12345</DeviceId>
  <LocationGeopoint/>  
  <LocationPicture>img_3</LocationPicture> 
  <LocationName>Robinson Mountain</LocationName>
  <LocationNumber>3</LocationNumber>
  <LocationThing>
    <LocationThingName>Robinson Mountain</LocationThingName>
    <LocationThingLocation>48.72653 -120.57469 1.0 1.0</LocationThingLocation>    
  </LocationThing>
  <LocationThing>
    <LocationThingName>Beauty Peak</LocationThingName>
    <LocationThingLocation>48.73117 -120.54534 1.0 1.0</LocationThingLocation>
  </LocationThing>
  <LocationThing>
    <LocationThingName>Devil's Peak</LocationThingName>
    <LocationThingLocation>48.73117 -120.54534 1.0 1.0</LocationThingLocation>
  </LocationThing>
</LocationThings>
