<?xml version="1.0"?>      
<LocationThings id="LocationThings">
  <DeviceId>12345</DeviceId>
  <LocationGeopoint/> 
  <LocationPicture>img_2</LocationPicture> 
  <LocationName>Eldorado Peak</LocationName>
  <LocationNumber>2</LocationNumber>
  <LocationThing>
    <LocationThingName>Dorado Needle</LocationThingName>
    <LocationThingLocation>48.5493 -121.1380 1.0 1.0</LocationThingLocation>    
  </LocationThing>
  <LocationThing>
    <LocationThingName>Klawatti Peak</LocationThingName>
    <LocationThingLocation>48.5541 -121.1037 1.0 1.0</LocationThingLocation>
  </LocationThing>
  <LocationThing>
    <LocationThingName>Forbidden Peak</LocationThingName>
    <LocationThingLocation>48.5116 -121.0575 1.0 1.0</LocationThingLocation>
  </LocationThing>
</LocationThings>
