<?xml version="1.0"?>      
<LocationThings id="LocationThings">
  <DeviceId>12345</DeviceId>
  <LocationGeopoint>47.949 -124.3860 1.0 1.0</LocationGeopoint> 
  <LocationPicture>img_9</LocationPicture> 
  <LocationName>Forks</LocationName>
  <LocationNumber>9</LocationNumber>
  <LocationThing>
    <LocationThingName>Grocery Store</LocationThingName>
    <LocationThingLocation/>    
  </LocationThing>
  <LocationThing>
    <LocationThingName>Ranger Station</LocationThingName>
    <LocationThingLocation/>
  </LocationThing>
  <LocationThing>
    <LocationThingName>Twilight Fans</LocationThingName>
    <LocationThingLocation/>
  </LocationThing>
</LocationThings>
