<?xml version="1.0"?>      
<LocationThings id="LocationThings">
  <DeviceId>12345</DeviceId>
  <LocationGeopoint>47.4806 -120.7978 1.0 1.0</LocationGeopoint> 
  <LocationPicture>img_7</LocationPicture> 
  <LocationName>Enchantments</LocationName>
  <LocationNumber>7</LocationNumber>
  <LocationThing>
    <LocationThingName>McClellan Peak</LocationThingName>
    <LocationThingLocation/>    
  </LocationThing>
  <LocationThing>
    <LocationThingName>Little Annapurna</LocationThingName>
    <LocationThingLocation/>
  </LocationThing>
  <LocationThing>
    <LocationThingName>Enchantment Peaks</LocationThingName>
    <LocationThingLocation/>
  </LocationThing>
  <LocationThing>
    <LocationThingName>Prusik Peak</LocationThingName>
    <LocationThingLocation/>
  </LocationThing>
</LocationThings>
