<?xml version="1.0" encoding="UTF-8"?>
<application xmlns:xsi="http://www.w3.org/2001/XMLSchema-instance" xmlns="http://java.sun.com/xml/ns/javaee" xsi:schemaLocation="http://java.sun.com/xml/ns/javaee http://java.sun.com/xml/ns/javaee/application_5.xsd" version="5">
  <description>ODK Aggregate Instance</description>
  <display-name>eclipse-ear</display-name>
  <module>
    <web>
      <web-uri>eclipse-default.war</web-uri>
      <context-root>default</context-root>
    </web>
  </module>
  <module>
    <web>
      <web-uri>eclipse-n-background.war</web-uri>
      <context-root>background</context-root>
    </web>
  </module>
</application>