<?xml version="1.0"?>      
<LocationThings id="LocationThings">
  <DeviceId>12345</DeviceId>
  <LocationGeopoint>45.6987 -122.6764 1.0 1.0</LocationGeopoint>  
  <LocationPicture>img_8</LocationPicture> 
  <LocationName>Columbia River High School</LocationName>
  <LocationNumber>8</LocationNumber>
  <LocationThing>
    <LocationThingName>School</LocationThingName>
    <LocationThingLocation/>    
  </LocationThing>
  <LocationThing>
    <LocationThingName>Parking Lot</LocationThingName>
    <LocationThingLocation/>
  </LocationThing>
  <LocationThing>
    <LocationThingName>Football Field</LocationThingName>
    <LocationThingLocation/>
  </LocationThing>
</LocationThings>
