<?xml version="1.0"?>      
<LocationThings id="LocationThings">
  <DeviceId>12345</DeviceId>
  <LocationGeopoint/>  
  <LocationPicture>img_4</LocationPicture> 
  <LocationName>Bellingham</LocationName>
  <LocationNumber>4</LocationNumber>
  <LocationThing>
    <LocationThingName>Western Washington University</LocationThingName>
    <LocationThingLocation>48.7359 -122.4857 1.0 1.0</LocationThingLocation>    
  </LocationThing>
  <LocationThing>
    <LocationThingName>Bellingham Bay</LocationThingName>
    <LocationThingLocation>48.7568 -122.5619 1.0 1.0</LocationThingLocation>
  </LocationThing>
</LocationThings>
