<?xml version="1.0" encoding="UTF-8"?>
<!DOCTYPE module PUBLIC "-//Google Inc.//DTD Google Web Toolkit 2.7.0//EN"
  "https://raw.githubusercontent.com/gwtproject/gwt/2.7.0/distro-source/core/src/gwt-module.dtd">
<module rename-to="aggregateui">

  <!-- Inherit the core Web Toolkit stuff.                        -->
  <inherits name='com.google.gwt.user.User'/>

  <inherits name='com.google.gwt.user.theme.standard.StandardResources'/>
  <!-- include JSON and HTTP RequestBuilder (for changing passwords) -->
  <inherits name="com.google.gwt.json.JSON" />
  <inherits name="com.google.gwt.http.HTTP"/>
  <inherits name='com.google.gwt.maps.Maps' />
  <!--  v2 <inherits name='com.google.gwt.maps.GoogleMaps' />  -->  
  <inherits name='com.google.gwt.visualization.Visualization'/>
  <!-- Generic extended widget classes -->
  <inherits name='org.opendatakit.common.web.Web'/>
  
  <!-- Our access denied exception class and security interfaces -->
  <inherits name='org.opendatakit.common.security.Security'/>

  <!-- Persistence layer exception class -->
  <inherits name='org.opendatakit.common.persistence.Persistence'/>

  <!-- <set-property name="user.agent" value="gecko1_8" /> -->
  <set-configuration-property name="UiBinder.useSafeHtmlTemplates" value="true" /> 
  
  <!-- Specify the app entry point class.                         -->
  <entry-point class='org.opendatakit.aggregate.client.AggregateUI'/>
   
  <source path='client'/>
  <source path='client/exception'/>
  <source path='client/filter'/>
  <source path='client/form'/>  
  <source path='client/permissions'/>
  <source path='client/popups'/>
  <source path='client/preferences'/>
  <source path='client/submission'/>
  <source path='client/table'/>
  <source path='client/widgets'/>
  <source path='constants/common'/>
  <!-- tables only -->
  <source path='client/odktables'/>
</module>
