<?xml version="1.0"?>      
<LocationThings id="LocationThings">
  <DeviceId>12345</DeviceId>
  <LocationGeopoint/>  
  <LocationPicture>img_1</LocationPicture>
  <LocationName>Red Square</LocationName>
  <LocationNumber>1</LocationNumber>
  <LocationThing>
    <LocationThingName>Suzzallo Library</LocationThingName>
    <LocationThingLocation>47.655755 -122.30821 1.0 1.0</LocationThingLocation>    
  </LocationThing>
  <LocationThing>
    <LocationThingName>Kane Hall</LocationThingName>
    <LocationThingLocation>47.656499 -122.30919 1.0 1.0</LocationThingLocation>
  </LocationThing>
  <LocationThing>
    <LocationThingName>Odegaard Library</LocationThingName>
    <LocationThingLocation>47.656427 -122.31036 1.0 1.0</LocationThingLocation>
  </LocationThing>
</LocationThings>
