<?xml version="1.0"?>      
<LocationThings id="LocationThings">
  <DeviceId>12345</DeviceId>
  <LocationGeopoint/>  
  <LocationPicture>img_5</LocationPicture> 
  <LocationName>Portland</LocationName>
  <LocationNumber>5</LocationNumber>
  <LocationThing>
    <LocationThingName>Powell's 1</LocationThingName>
    <LocationThingLocation>45.52403 -122.68115 1.0 1.0</LocationThingLocation>    
  </LocationThing>
  <LocationThing>
    <LocationThingName>Powell's 2</LocationThingName>
    <LocationThingLocation>45.51350 -122.62562 1.0 1.0</LocationThingLocation>
  </LocationThing>
  <LocationThing>
    <LocationThingName>Rocky Butte</LocationThingName>
    <LocationThingLocation>45.5429 -122.5652 1.0 1.0</LocationThingLocation>
  </LocationThing>
</LocationThings>
